{
  "step_name": "04_pipeline_timing",
  "timestamp": "2025-08-15T02:05:02.668827",
  "step_data": {
    "generation_time_ms": 7775.826930999756,
    "expert_evaluation_time_ms": 63525.996685028076,
    "consensus_time_ms": 14185.583114624023,
    "total_pipeline_time_ms": 85487.43510246277,
    "pipeline_efficiency": {
      "generation_percentage": 9.095871132032297,
      "expert_percentage": 74.31033181529854,
      "consensus_percentage": 16.593763864387316
    }
  },
  "step_metadata": {
    "step_description": "Complete DSPy pipeline timing analysis",
    "total_time_ms": 85487.43510246277,
    "experts_used": 5,
    "questions_processed": 3
  }
}