{
  "step_name": "04_pipeline_timing",
  "timestamp": "2025-08-15T02:03:35.147669",
  "step_data": {
    "generation_time_ms": 6755.357265472412,
    "expert_evaluation_time_ms": 65464.70093727112,
    "consensus_time_ms": 16019.973039627075,
    "total_pipeline_time_ms": 88240.04602432251,
    "pipeline_efficiency": {
      "generation_percentage": 7.655659272446848,
      "expert_percentage": 74.18933226669715,
      "consensus_percentage": 18.15499170887935
    }
  },
  "step_metadata": {
    "step_description": "Complete DSPy pipeline timing analysis",
    "total_time_ms": 88240.04602432251,
    "experts_used": 5,
    "questions_processed": 3
  }
}