{
  "step_name": "04_pipeline_timing",
  "timestamp": "2025-08-15T01:41:48.022399",
  "step_data": {
    "generation_time_ms": 6970.850706100464,
    "expert_evaluation_time_ms": 64887.115716934204,
    "consensus_time_ms": 14876.624345779419,
    "total_pipeline_time_ms": 86734.60078239441,
    "pipeline_efficiency": {
      "generation_percentage": 8.036989440453416,
      "expert_percentage": 74.81110782965077,
      "consensus_percentage": 17.151891184814342
    }
  },
  "step_metadata": {
    "step_description": "Complete DSPy pipeline timing analysis",
    "total_time_ms": 86734.60078239441,
    "experts_used": 5,
    "questions_processed": 3
  }
}